VALID_DATA,PARTICLES_1,PARTICLES_2_5,PARTICLES_4,PARTICLES_10,GASES_CO,GASES_NO2,GASES_SO2,GASES_O3,TEMPERATURE,HUMIDITY,CO2,GPS_LATITUDE,GPS_LONGITUDE,BATTERY,SOURCE
127,35.7,158.5,69.8,78.4,45.8,569.9,1596.2,589.4,25.8,67.7,532.4,45.35894,67.58472,65,1
255,44.5,156.2,72.6,59.5,55.6,702.3,1612.1,554.2,22.3,72.6,603.7,45.35893,67.58471,65,1
255,27.6,132.3,77.3,61.4,53.7,546.5,1544.6,416.5,21.6,75.2,655.4,45.35892,67.58470,64,1
255,84.2,129.9,48.1,91.8,78.9,623.8,1487.3,326.1,20.4,81.3,921.9,45.35891,67.58469,64,1
255,59.8,118.7,83.2,49.4,67.3,498.4,1432.2,601.3,19.1,56.6,807.2,45.35889,67.58468,63,1
